cluster_num,keyword,title,url,thumbnail
16,부산스마트시티사업 우선협상대상자,"에너지밸런스, '2022 데이터스타즈' 대상기업 선정",http://www.etnews.com/20220518000121,https://search.pstatic.net/common/?src=https%3A%2F%2Fimgnews.pstatic.net%2Fimage%2Forigin%2F030%2F2022%2F05%2F18%2F3017669.jpg&type=ff264_180&expire=2&refresh=true
16,부산스마트시티사업 우선협상대상자,"과기정통부, 데이터사이언스 융합인재양성사업에 고려대·KAIST 선정",https://www.itbiznews.com/news/articleView.html?idxno=72470,https://search.pstatic.net/common/?src=https%3A%2F%2Fimgnews.pstatic.net%2Fimage%2Forigin%2F5795%2F2022%2F05%2F18%2F19234.jpg&type=ofullfill264_180_gray&expire=2&refresh=true
16,부산스마트시티사업 우선협상대상자,"LG CNS 컨소시엄, 5.4조원 규모 부산 스마트시티 시범사업 수주",https://zdnet.co.kr/view/?no=20220518151308,https://search.pstatic.net/common/?src=https%3A%2F%2Fimgnews.pstatic.net%2Fimage%2Forigin%2F092%2F2022%2F05%2F18%2F2257149.jpg&type=ff264_180&expire=2&refresh=true
16,부산스마트시티사업 우선협상대상자,"현대건설, 부산 에코델타 스마트시티 우선협상대상자 선정",http://www.newsis.com/view/?id=NISX20220518_0001876030&cID=10401&pID=10400,https://search.pstatic.net/common/?src=https%3A%2F%2Fimgnews.pstatic.net%2Fimage%2Forigin%2F003%2F2022%2F05%2F18%2F11193185.jpg&type=ff264_180&expire=2&refresh=true
16,부산스마트시티사업 우선협상대상자,"LG CNS, 국내최대 스마트시티사업 '부산 에코델타' 우선협상대상",https://www.yna.co.kr/view/AKR20220518110700017?input=1195m,https://search.pstatic.net/common/?src=https%3A%2F%2Fimgnews.pstatic.net%2Fimage%2Forigin%2F001%2F2022%2F05%2F18%2F13187548.jpg&type=ff264_180&expire=2&refresh=true
16,부산스마트시티사업 우선협상대상자,"LG CNS, 부산에 국내 최대 규모 스마트시티 만든다",https://www.news1.kr/articles/?4684489,https://search.pstatic.net/common/?src=https%3A%2F%2Fimgnews.pstatic.net%2Fimage%2Forigin%2F421%2F2022%2F05%2F18%2F6100790.jpg&type=ff264_180&expire=2&refresh=true
16,부산스마트시티사업 우선협상대상자,"5.4조 부산 스마트시티 사업, LG CNS가 따냈다",http://www.edaily.co.kr/news/newspath.asp?newsid=02902806632330232,https://search.pstatic.net/common/?src=https%3A%2F%2Fimgnews.pstatic.net%2Fimage%2Forigin%2F018%2F2022%2F05%2F18%2F5219066.jpg&type=ff264_180&expire=2&refresh=true
16,부산스마트시티사업 우선협상대상자,"LG CNS, '부산 스마트시티 국가시범도시' 우선협상대상자 선정",http://www.newsis.com/view/?id=NISX20220518_0001875756&cID=10406&pID=13100,https://search.pstatic.net/common/?src=https%3A%2F%2Fimgnews.pstatic.net%2Fimage%2Forigin%2F003%2F2022%2F05%2F18%2F11192322.jpg&type=ff264_180&expire=2&refresh=true
16,부산스마트시티사업 우선협상대상자,"LG CNS, '부산스마트시티사업' 우선협상대상자 선정",http://www.fnnews.com/news/202205181217158438,https://search.pstatic.net/common/?src=https%3A%2F%2Fimgnews.pstatic.net%2Fimage%2Forigin%2F014%2F2022%2F05%2F18%2F4838175.jpg&type=ff264_180&expire=2&refresh=true
16,부산스마트시티사업 우선협상대상자,5.4조 `부산 스마트시티` LG CNS가 만든다,http://www.dt.co.kr/contents.html?article_no=2022051802109931650006&ref=naver,https://search.pstatic.net/common/?src=https%3A%2F%2Fimgnews.pstatic.net%2Fimage%2Forigin%2F029%2F2022%2F05%2F18%2F2734814.jpg&type=ff264_180&expire=2&refresh=true
16,부산스마트시티사업 우선협상대상자,"현대건설, 부산 에코델타 스마트시티 우협대상자 선정",https://economist.co.kr/2022/05/18/realEstate/realEstateNormal/20220518173200880.html,https://search.pstatic.net/common/?src=https%3A%2F%2Fimgnews.pstatic.net%2Fimage%2Forigin%2F243%2F2022%2F05%2F18%2F26600.jpg&type=ff264_180&expire=2&refresh=true
16,부산스마트시티사업 우선협상대상자,"'3.2조 세종' 이어… LG CNS, 부산에 5.4조 스마트시티 짓는다",http://news.mt.co.kr/mtview.php?no=2022051814311828800,https://search.pstatic.net/common/?src=https%3A%2F%2Fimgnews.pstatic.net%2Fimage%2Forigin%2F008%2F2022%2F05%2F18%2F4747655.jpg&type=ff264_180&expire=2&refresh=true
16,부산스마트시티사업 우선협상대상자,"LG CNS, 5.4조 부산 스마트시티 사업 땄다…""84만평, 여의도 면적""",http://news.mt.co.kr/mtview.php?no=2022051813345948994,https://search.pstatic.net/common/?src=https%3A%2F%2Fimgnews.pstatic.net%2Fimage%2Forigin%2F008%2F2022%2F05%2F18%2F4747579.jpg&type=ff264_180&expire=2&refresh=true
16,부산스마트시티사업 우선협상대상자,"현대건설, 에코델타 스마트시티 우선협상대상자로 선정",http://www.fnnews.com/news/202205181353091814,https://search.pstatic.net/common/?src=https%3A%2F%2Fimgnews.pstatic.net%2Fimage%2Forigin%2F014%2F2022%2F05%2F18%2F4838228.jpg&type=ff264_180&expire=2&refresh=true
16,부산스마트시티사업 우선협상대상자,"LG CNS, 부산 스마트시티 우선협상대상자 선정",http://www.inews24.com/view/1481725,https://search.pstatic.net/common/?src=https%3A%2F%2Fimgnews.pstatic.net%2Fimage%2Forigin%2F031%2F2022%2F05%2F18%2F673338.jpg&type=ff264_180&expire=2&refresh=true
16,부산스마트시티사업 우선협상대상자,"LG CNS, 5.4조원 '부산 스마트시티' 따내",https://www.hankyung.com/economy/article/202205184719i, 
16,부산스마트시티사업 우선협상대상자,"LG CNS, 부산 스마트시티 사업 수주…5.4조 규모",https://biz.sbs.co.kr/article_hub/20000063172?division=NAVER,https://search.pstatic.net/common/?src=https%3A%2F%2Fimgnews.pstatic.net%2Fimage%2Forigin%2F374%2F2022%2F05%2F18%2F286594.jpg&type=ff264_180&expire=2&refresh=true
16,부산스마트시티사업 우선협상대상자,"사업규모 5.4조…LG CNS, 진통 끝에 ‘부산 스마트시티’ 우선협상자",https://www.sedaily.com/NewsView/2660NGMIAI,https://search.pstatic.net/common/?src=https%3A%2F%2Fimgnews.pstatic.net%2Fimage%2Forigin%2F011%2F2022%2F05%2F18%2F4055169.jpg&type=ff264_180&expire=2&refresh=true
16,부산스마트시티사업 우선협상대상자,"한국수자원공사, 부산 에코델타 스마트시티 우선협상대상자에 'The 인 컨소시엄' 선정",http://news.mk.co.kr/newsRead.php?no=439134&year=2022,https://search.pstatic.net/common/?src=https%3A%2F%2Fimgnews.pstatic.net%2Fimage%2Forigin%2F009%2F2022%2F05%2F18%2F4965606.jpg&type=ff264_180&expire=2&refresh=true
16,부산스마트시티사업 우선협상대상자,에코델타 스마트시티 구축 LG CNS ‘우선협상자’ 선정,http://www.busan.com/view/busan/view.php?code=2022051817132721174,https://search.pstatic.net/common/?src=https%3A%2F%2Fimgnews.pstatic.net%2Fimage%2Forigin%2F082%2F2022%2F05%2F18%2F1156204.jpg&type=ff264_180&expire=2&refresh=true
16,부산스마트시티사업 우선협상대상자,"LG CNS, 5.4조 규모 '부산스마트시티' 우선협상대상자 선정",http://daily.hankooki.com/news/articleView.html?idxno=825716,https://search.pstatic.net/common/?src=https%3A%2F%2Fimgnews.pstatic.net%2Fimage%2Forigin%2F5358%2F2022%2F05%2F18%2F412745.jpg&type=ofullfill264_180_gray&expire=2&refresh=true
16,부산스마트시티사업 우선협상대상자,"LG CNS, 5.4조원 규모 부산 스마트시티 국가시범도시 우선협상대상자 선정",https://view.asiae.co.kr/article/2022051815295668749,https://search.pstatic.net/common/?src=https%3A%2F%2Fimgnews.pstatic.net%2Fimage%2Forigin%2F277%2F2022%2F05%2F18%2F5090808.jpg&type=ff264_180&expire=2&refresh=true
16,부산스마트시티사업 우선협상대상자,"현대건설, 부산 에코델타 스마트시티 우선협상자 선정",https://www.dailian.co.kr/news/view/1114908/?sc=Naver,https://search.pstatic.net/common/?src=https%3A%2F%2Fimgnews.pstatic.net%2Fimage%2Forigin%2F119%2F2022%2F05%2F18%2F2604968.jpg&type=ff264_180&expire=2&refresh=true
16,부산스마트시티사업 우선협상대상자,"LG CNS, 부산 스마트시티 국가시범도시 우선협 선정",https://www.dnews.co.kr/uhtml/view.jsp?idxno=202205181233177610425,https://search.pstatic.net/common/?src=https%3A%2F%2Fimgnews.pstatic.net%2Fimage%2Forigin%2F5138%2F2022%2F05%2F18%2F372822.jpg&type=ff264_180&expire=2&refresh=true
16,부산스마트시티사업 우선협상대상자,"LG CNS, 5.4조 규모 '부산스마트시티사업' 우선협상대상자 선정",https://news.mtn.co.kr/news-detail/2022051816223236582,https://search.pstatic.net/common/?src=https%3A%2F%2Fimgnews.pstatic.net%2Fimage%2Forigin%2F5151%2F2022%2F05%2F18%2F471423.jpg&type=ff264_180&expire=2&refresh=true
16,부산스마트시티사업 우선협상대상자,국내 최대규모 5.4조 부산 스마트시티 구축 사업자에…LG CNS '낙점',https://www.ajunews.com/view/20220518130603457,https://search.pstatic.net/common/?src=https%3A%2F%2Fimgnews.pstatic.net%2Fimage%2Forigin%2F5090%2F2022%2F05%2F18%2F2137814.jpg&type=ofullfill264_180_gray&expire=2&refresh=true
16,부산스마트시티사업 우선협상대상자,"LG CNS, 5.4조 규모 '부산스마트시티 사업' 우선협상대상자 선정",https://www.ebn.co.kr/news/view/1530988/?sc=Naver,https://search.pstatic.net/common/?src=https%3A%2F%2Fimgnews.pstatic.net%2Fimage%2Forigin%2F5093%2F2022%2F05%2F18%2F507767.jpg&type=ff264_180&expire=2&refresh=true
16,부산스마트시티사업 우선협상대상자,"LG CNS, 국내 최대 규모의 '부산 스마트시티' 구축 이끈다",http://www.autodaily.co.kr/news/articleView.html?idxno=433951,https://search.pstatic.net/common/?src=https%3A%2F%2Fimgnews.pstatic.net%2Fimage%2Forigin%2F5598%2F2022%2F05%2F18%2F24684.jpg&type=ofullfill264_180_gray&expire=2&refresh=true
16,부산스마트시티사업 우선협상대상자,"LG CNS, '5.4조 규모' 부산 스마트시티 사업 우선협상대상자 선정",http://www.sisafocus.co.kr/news/articleView.html?idxno=277787,https://search.pstatic.net/common/?src=https%3A%2F%2Fimgnews.pstatic.net%2Fimage%2Forigin%2F5329%2F2022%2F05%2F18%2F153405.jpg&type=ff264_180&expire=2&refresh=true
16,부산스마트시티사업 우선협상대상자,"LG CNS, 국내 최대 5.4조 부산 스마트시티 구축·운영사업 수주",http://news.einfomax.co.kr/news/articleView.html?idxno=4214431,https://search.pstatic.net/common/?src=https%3A%2F%2Fimgnews.pstatic.net%2Fimage%2Forigin%2F5227%2F2022%2F05%2F18%2F487420.jpg&type=ofullfill264_180_gray&expire=2&refresh=true
16,부산스마트시티사업 우선협상대상자,"현대건설, 부산 에코델타 스마트 시티 우선 협상 대상자 선정",https://weekly.cnbnews.com/news/article.html?no=143528,https://search.pstatic.net/common/?src=https%3A%2F%2Fimgnews.pstatic.net%2Fimage%2Forigin%2F5127%2F2022%2F05%2F18%2F47237.jpg&type=ofullfill264_180_gray&expire=2&refresh=true
16,부산스마트시티사업 우선협상대상자,"LG CNS, 5.4조 규모 부산 스마트시티 우선협상대상자 선정",http://www.it-b.co.kr/news/articleView.html?idxno=59667,https://search.pstatic.net/common/?src=https%3A%2F%2Fimgnews.pstatic.net%2Fimage%2Forigin%2F5579%2F2022%2F05%2F18%2F36697.jpg&type=ofullfill264_180_gray&expire=2&refresh=true
16,부산스마트시티사업 우선협상대상자,"LGCNS 참여 컨소시엄, 5조4천억 규모 부산 스마트시티 사업 수주",https://www.businesspost.co.kr/BP?command=article_view&num=281298,https://search.pstatic.net/common/?src=https%3A%2F%2Fimgnews.pstatic.net%2Fimage%2Forigin%2F5374%2F2022%2F05%2F18%2F262896.jpg&type=ff264_180&expire=2&refresh=true
16,부산스마트시티사업 우선협상대상자,"LG CNS, 사업비 5.4조 '부산 스마트시티 구축 사업' 우협 대상자 선정",http://www.newsway.co.kr/news/view?tp=1&ud=2022051816211504733,https://search.pstatic.net/common/?src=https%3A%2F%2Fimgnews.pstatic.net%2Fimage%2Forigin%2F5270%2F2022%2F05%2F18%2F760701.jpg&type=ofullfill264_180_gray&expire=2&refresh=true
16,부산스마트시티사업 우선협상대상자,"윤영석 의원 ""양산을 최첨단 일류 스마트시티로"" 구축",https://www.pressian.com/pages/articles/2022051808431895339?utm_source=naver&utm_medium=search,https://search.pstatic.net/common/?src=https%3A%2F%2Fimgnews.pstatic.net%2Fimage%2Forigin%2F002%2F2022%2F05%2F18%2F2243887.jpg&type=ff264_180&expire=2&refresh=true
16,부산스마트시티사업 우선협상대상자,"LG CNS, IT 신기술 대거 적용된 부산 스마트시티 우선협상대상자 선정",http://www.consumernews.co.kr/news/articleView.html?idxno=649700,https://search.pstatic.net/common/?src=https%3A%2F%2Fimgnews.pstatic.net%2Fimage%2Forigin%2F5275%2F2022%2F05%2F18%2F57297.jpg&type=ff264_180&expire=2&refresh=true
16,부산스마트시티사업 우선협상대상자,"LG CNS, 부산서 '국내 최대규모 스마트시티' 사업 이끈다",http://www.choicenews.co.kr/news/articleView.html?idxno=100881,https://search.pstatic.net/common/?src=https%3A%2F%2Fimgnews.pstatic.net%2Fimage%2Forigin%2F5256%2F2022%2F05%2F18%2F70055.jpg&type=ofullfill264_180_gray&expire=2&refresh=true
16,부산스마트시티사업 우선협상대상자,"LG CNS, 국내 최대 부산 스마트시티 사업 수주....84만평, 5.4조 규모",http://www.4th.kr/news/articleView.html?idxno=2018303,https://search.pstatic.net/common/?src=https%3A%2F%2Fimgnews.pstatic.net%2Fimage%2Forigin%2F5665%2F2022%2F05%2F18%2F46047.jpg&type=ofullfill264_180_gray&expire=2&refresh=true
16,부산스마트시티사업 우선협상대상자,"LG CNS, 5.4조 원 규모 '부산 스마트시티 국가시범도시' 우선협상대상자 선정",http://www.itdaily.kr/news/articleView.html?idxno=208159,https://search.pstatic.net/common/?src=https%3A%2F%2Fimgnews.pstatic.net%2Fimage%2Forigin%2F5046%2F2022%2F05%2F18%2F91525.jpg&type=ofullfill264_180_gray&expire=2&refresh=true
16,부산스마트시티사업 우선협상대상자,"LGCNS·현대건설-신한 컨소, 5.4조 ‘부산 에코델타 스마트시티’ 낙점",https://www.inthenews.co.kr/news/article.html?no=46121,https://search.pstatic.net/common/?src=https%3A%2F%2Fimgnews.pstatic.net%2Fimage%2Forigin%2F5667%2F2022%2F05%2F18%2F31957.jpg&type=ofullfill264_180_gray&expire=2&refresh=true
16,부산스마트시티사업 우선협상대상자,"LG CNS, 5조4000억 규모 부산 스마트시티 사업 수주",http://www.koit.co.kr/news/articleView.html?idxno=97231,https://search.pstatic.net/common/?src=https%3A%2F%2Fimgnews.pstatic.net%2Fimage%2Forigin%2F5839%2F2022%2F05%2F18%2F13632.jpg&type=ofullfill264_180_gray&expire=2&refresh=true
16,부산스마트시티사업 우선협상대상자,"현대건설, 5.4兆 규모 부산 '에코델타 스마트시티' 우선협 선정",http://www.pinpointnews.co.kr/news/articleView.html?idxno=117025,https://search.pstatic.net/common/?src=https%3A%2F%2Fimgnews.pstatic.net%2Fimage%2Forigin%2F5829%2F2022%2F05%2F18%2F112404.jpg&type=ofullfill264_180_gray&expire=2&refresh=true
16,부산스마트시티사업 우선협상대상자,"LG CNS, 부산 스마트시티 우선협상자 선정으로 국가시범도시 2관왕 우뚝",https://www.socialvalue.kr/news/view/1065597913763230,https://search.pstatic.net/common/?src=https%3A%2F%2Fimgnews.pstatic.net%2Fimage%2Forigin%2F5825%2F2022%2F05%2F18%2F7171.jpg&type=ofullfill264_180_gray&expire=2&refresh=true
16,부산스마트시티사업 우선협상대상자,"LG CNS, '부산 스마트시티 사업' 우선협상대상자 선정",https://www.tokenpost.kr/article-94263,https://search.pstatic.net/common/?src=https%3A%2F%2Fimgnews.pstatic.net%2Fimage%2Forigin%2F5879%2F2022%2F05%2F18%2F284.jpg&type=ofullfill264_180_gray&expire=2&refresh=true
16,부산스마트시티사업 우선협상대상자,"현대건설, 스마트시티 신사업 경쟁력 강화...부산 국가시범도시 우선협상대상자 선정",http://www.thevaluenews.co.kr/news/view.php?idx=169312,https://search.pstatic.net/common/?src=https%3A%2F%2Fimgnews.pstatic.net%2Fimage%2Forigin%2F5767%2F2022%2F05%2F18%2F11876.jpg&type=ofullfill264_180_gray&expire=2&refresh=true
16,부산스마트시티사업 우선협상대상자,"역대 최대 규모, '부산 스마트시티 국가시범도시' 우선협상대상자로 'LG CNS' 선정... 84만평, 총 사업규모 약 5.4조원",http://www.aitimes.kr/news/articleView.html?idxno=25062,https://search.pstatic.net/common/?src=https%3A%2F%2Fimgnews.pstatic.net%2Fimage%2Forigin%2F5830%2F2022%2F05%2F18%2F7005.jpg&type=ff264_180&expire=2&refresh=true
16,부산스마트시티사업 우선협상대상자,총 5조4000억원 규모 '부산 스마트시티 국가시범도시 구축' 사업 우선협상대상자로 LG CNS 컨소시엄 선정,http://www.worktoday.co.kr/news/articleView.html?idxno=25165,https://search.pstatic.net/common/?src=https%3A%2F%2Fimgnews.pstatic.net%2Fimage%2Forigin%2F5796%2F2022%2F05%2F18%2F19614.jpg&type=ofullfill264_180_gray&expire=2&refresh=true
12,분석결과 과기원통증연구단,'과학방역' 내세운 중대본…전문가위원회·빅데이터 플랫폼 구성,https://www.yna.co.kr/view/AKR20220518038300530?input=1195m,https://search.pstatic.net/common/?src=https%3A%2F%2Fimgnews.pstatic.net%2Fimage%2Forigin%2F001%2F2022%2F05%2F18%2F13185881.jpg&type=ff264_180&expire=2&refresh=true
12,분석결과 과기원통증연구단,교통사망사고 빅데이터로 도민생명 살린다,https://www.ccdailynews.com/news/articleView.html?idxno=2130719,https://search.pstatic.net/common/?src=https%3A%2F%2Fimgnews.pstatic.net%2Fimage%2Forigin%2F5116%2F2022%2F05%2F18%2F800169.jpg&type=ofullfill264_180_gray&expire=2&refresh=true
12,분석결과 과기원통증연구단,"백경란 질병청장 ""감염병 컨트롤타워 역할 재정립할 것""...전문가위원회·빅데이터 플랫폼 구성",https://www.dongascience.com/news/view/54298,https://search.pstatic.net/common/?src=https%3A%2F%2Fimgnews.pstatic.net%2Fimage%2Forigin%2F584%2F2022%2F05%2F18%2F19010.jpg&type=ff264_180&expire=2&refresh=true
12,분석결과 과기원통증연구단,"정부, '코로나 빅데이터 플랫폼' 구축…교육·돌봄시설 '공기정화' 지원(종합)",https://www.news1.kr/articles/?4683828,https://search.pstatic.net/common/?src=https%3A%2F%2Fimgnews.pstatic.net%2Fimage%2Forigin%2F421%2F2022%2F05%2F18%2F6099086.jpg&type=ff264_180&expire=2&refresh=true
12,분석결과 과기원통증연구단,백경란 “빅데이터 기반 ‘과학방역’…감염병 컨트롤타워 정립할 것’”,https://www.sedaily.com/NewsView/2660OVUVTJ,https://search.pstatic.net/common/?src=https%3A%2F%2Fimgnews.pstatic.net%2Fimage%2Forigin%2F011%2F2022%2F05%2F18%2F4055299.jpg&type=ff264_180&expire=2&refresh=true
12,분석결과 과기원통증연구단,중대본 “전문가위·빅데이터 플랫폼 구성”…확진자 3만1352명,https://www.hani.co.kr/arti/society/health/1043310.html,https://search.pstatic.net/common/?src=https%3A%2F%2Fimgnews.pstatic.net%2Fimage%2Forigin%2F028%2F2022%2F05%2F18%2F2591054.jpg&type=ff264_180&expire=2&refresh=true
12,분석결과 과기원통증연구단,샴푸 브랜드평판 2022년 5월 빅데이터 분석결과,http://www.ujeil.com/news/articleView.html?idxno=304078,https://search.pstatic.net/common/?src=https%3A%2F%2Fimgnews.pstatic.net%2Fimage%2Forigin%2F5583%2F2022%2F05%2F18%2F102410.jpg&type=ofullfill264_180_gray&expire=2&refresh=true
12,분석결과 과기원통증연구단,"과기원통증연구단-티쓰리큐, AI 빅데이터 이용 난치성 통증 연구 MOU",http://www.etnews.com/20220518000008,https://search.pstatic.net/common/?src=https%3A%2F%2Fimgnews.pstatic.net%2Fimage%2Forigin%2F030%2F2022%2F05%2F18%2F3017558.jpg&type=ff264_180&expire=2&refresh=true
12,분석결과 과기원통증연구단,"[속보] ""연말까지 코로나 환자·진료 정보 '빅데이터 플랫폼'으로 통합""",https://www.yna.co.kr/view/AKR20220518031200530?input=1195m,https://search.pstatic.net/common/?src=https%3A%2F%2Fimgnews.pstatic.net%2Fimage%2Forigin%2F001%2F2022%2F05%2F18%2F13185791.jpg&type=ff264_180&expire=2&refresh=true
12,분석결과 과기원통증연구단,"[속보] ""100일 내로 전문가 중심 독립위 구성, 빅데이터 플랫폼 구축""",https://www.news1.kr/articles/?4683736,https://search.pstatic.net/common/?src=https%3A%2F%2Fimgnews.pstatic.net%2Fimage%2Forigin%2F421%2F2022%2F05%2F18%2F6098970.jpg&type=ff264_180&expire=2&refresh=true
12,분석결과 과기원통증연구단,"DB손해보험, AI·빅데이터 전문가로 '디지털 혁신팀' 운영…쌍방향 'TM 상품·청약서비스'로 편의성 높여",https://www.hankyung.com/economy/article/2022051836731,https://search.pstatic.net/common/?src=https%3A%2F%2Fimgnews.pstatic.net%2Fimage%2Forigin%2F015%2F2022%2F05%2F18%2F4700497.jpg&type=ff264_180&expire=2&refresh=true
12,분석결과 과기원통증연구단,"와이더플래닛, 빅데이터 산업 선도…플랫폼 경쟁력 있다-흥국증권",http://news.mt.co.kr/mtview.php?no=2022051808031938742, 
12,분석결과 과기원통증연구단,"췌장성 당뇨병, 2형 당뇨병보다 임상경과 더 나빠…한국인 빅데이터 이용",http://medicalworldnews.co.kr/news/view.php?idx=1510949680,https://search.pstatic.net/common/?src=https%3A%2F%2Fimgnews.pstatic.net%2Fimage%2Forigin%2F5620%2F2022%2F05%2F18%2F23661.jpg&type=ofullfill264_180_gray&expire=2&refresh=true
12,분석결과 과기원통증연구단,"하나금융 함영주 디지털 리더십, 빅데이터 시대 맞춤 전략 통했다",http://www.techholic.co.kr/news/articleView.html?idxno=203698,https://search.pstatic.net/common/?src=https%3A%2F%2Fimgnews.pstatic.net%2Fimage%2Forigin%2F5404%2F2022%2F05%2F18%2F37441.jpg&type=ff264_180&expire=2&refresh=true
12,분석결과 과기원통증연구단,"강동구-고려대, AI·빅데이터 분야 공동연구 업무협약 체결",https://www.jeonmae.co.kr/news/articleView.html?idxno=890588,https://search.pstatic.net/common/?src=https%3A%2F%2Fimgnews.pstatic.net%2Fimage%2Forigin%2F5844%2F2022%2F05%2F18%2F47918.jpg&type=ofullfill264_180_gray&expire=2&refresh=true
12,분석결과 과기원통증연구단,"통영시 관광종사자 대상, '빅데이터로 알아본 관광도시 통영' 교육 시행",http://www.discoverynews.kr/news/articleView.html?idxno=803535,https://search.pstatic.net/common/?src=https%3A%2F%2Fimgnews.pstatic.net%2Fimage%2Forigin%2F5613%2F2022%2F05%2F18%2F79687.jpg&type=ofullfill264_180_gray&expire=2&refresh=true
12,분석결과 과기원통증연구단,"[2보] 중대본 ""방역 전문가 독립위원회 구성…코로나 빅데이터 플랫폼 구축""",http://www.newspim.com/news/view/20220518000080,https://search.pstatic.net/common/?src=https%3A%2F%2Fimgnews.pstatic.net%2Fimage%2Forigin%2F5002%2F2022%2F05%2F18%2F2092612.jpg&type=ff264_180&expire=2&refresh=true
12,분석결과 과기원통증연구단,"정부, 감염병 빅데이터 플랫폼 마련에 열중",http://www.newsmp.com/news/articleView.html?idxno=223648,https://search.pstatic.net/common/?src=https%3A%2F%2Fimgnews.pstatic.net%2Fimage%2Forigin%2F5842%2F2022%2F05%2F18%2F6455.jpg&type=ofullfill264_180_gray&expire=2&refresh=true
12,분석결과 과기원통증연구단,[코인 빅데이터] 테라 사태 속 시총 20위권 안착...트론(TRX) VS 라이트코인(LTC) 트렌드,http://coinreaders.com/33605,https://search.pstatic.net/common/?src=https%3A%2F%2Fimgnews.pstatic.net%2Fimage%2Forigin%2F5676%2F2022%2F05%2F18%2F13789.jpg&type=ofullfill264_180_gray&expire=2&refresh=true
12,분석결과 과기원통증연구단,"인천 이젠아카데미컴퓨터학원, IT 취업 도움되는 '빅데이터 분석 머신러닝 개발(파이썬, 캐글, 클로바)' 국비지원 개강",http://www.lecturernews.com/news/articleView.html?idxno=97358,https://search.pstatic.net/common/?src=https%3A%2F%2Fimgnews.pstatic.net%2Fimage%2Forigin%2F5566%2F2022%2F05%2F18%2F74078.jpg&type=ofullfill264_180_gray&expire=2&refresh=true
12,분석결과 과기원통증연구단,"서울시의회, 지방분권 활동 강화·빅데이터 활용 의정활동 지원··· 풀뿌리 주민자치 확립",http://www.metroseoul.co.kr/article/20220518500322,https://search.pstatic.net/common/?src=https%3A%2F%2Fimgnews.pstatic.net%2Fimage%2Forigin%2F5286%2F2022%2F05%2F18%2F444048.jpg&type=ofullfill264_180_gray&expire=2&refresh=true
12,분석결과 과기원통증연구단,"청담글로벌, 빅데이터 통한 이커머스 플랫폼 기반 유통업체-유진투자증권",https://www.etoday.co.kr/news/view/2134759,https://search.pstatic.net/common/?src=https%3A%2F%2Fimgnews.pstatic.net%2Fimage%2Forigin%2F5003%2F2022%2F05%2F18%2F1749106.jpg&type=ff264_180&expire=2&refresh=true
12,분석결과 과기원통증연구단,"[전문] 중대본 ""보다 안전한 일상으로 나아가는중..코로나 빅데이터 플랫폼 구축할 것""",https://www.onews.tv/news/articleView.html?idxno=125673,https://search.pstatic.net/common/?src=https%3A%2F%2Fimgnews.pstatic.net%2Fimage%2Forigin%2F5818%2F2022%2F05%2F18%2F89608.jpg&type=ofullfill264_180_gray&expire=2&refresh=true
12,분석결과 과기원통증연구단,"""코로나 빅데이터 구축·전문가위원회 구성""...신규 환자 이틀째 3만 명대",https://www.ytn.co.kr/_ln/0103_202205181348124793,https://search.pstatic.net/common/?src=https%3A%2F%2Fimgnews.pstatic.net%2Fimage%2Forigin%2F052%2F2022%2F05%2F18%2F1740678.jpg&type=ff264_180&expire=2&refresh=true
12,분석결과 과기원통증연구단,"제주, 해양생태계 빅데이터 구축 3억3700만원 투입",http://www.jejudomin.co.kr/news/articleView.html?idxno=209888,https://search.pstatic.net/common/?src=https%3A%2F%2Fimgnews.pstatic.net%2Fimage%2Forigin%2F5186%2F2022%2F05%2F18%2F89896.jpg&type=ofullfill264_180_gray&expire=2&refresh=true
12,분석결과 과기원통증연구단,충남 교통사망사고 '빅데이터'로 낮춘다,https://www.jeonmae.co.kr/news/articleView.html?idxno=890577,https://search.pstatic.net/common/?src=https%3A%2F%2Fimgnews.pstatic.net%2Fimage%2Forigin%2F5844%2F2022%2F05%2F18%2F47913.jpg&type=ofullfill264_180_gray&expire=2&refresh=true
12,분석결과 과기원통증연구단,"정부, 코로나 빅데이터 플랫폼 구축...전문가위원회도 구성",https://science.ytn.co.kr/program/program_view.php?s_mcd=0082&s_hcd=&key=202205181138111039,https://search.pstatic.net/common/?src=https%3A%2F%2Fimgnews.pstatic.net%2Fimage%2Forigin%2F5221%2F2022%2F05%2F18%2F84941.jpg&type=ofullfill264_180_gray&expire=2&refresh=true
12,분석결과 과기원통증연구단,"카드사, 빅데이터 분석 쏟아낸다…삼성카드 최다",http://news.einfomax.co.kr/news/articleView.html?idxno=4214332,https://search.pstatic.net/common/?src=https%3A%2F%2Fimgnews.pstatic.net%2Fimage%2Forigin%2F5227%2F2022%2F05%2F18%2F487321.jpg&type=ofullfill264_180_gray&expire=2&refresh=true
12,분석결과 과기원통증연구단,"미래에셋증권, 증권사 브랜드평판 5월 빅데이터 분석 톱…삼성·키움·한투·NH 순",http://www.thebigdata.co.kr/view.php?ud=20220516084012407407d270612f_23,https://search.pstatic.net/common/?src=https%3A%2F%2Fimgnews.pstatic.net%2Fimage%2Forigin%2F5645%2F2022%2F05%2F18%2F117268.jpg&type=ofullfill264_180_gray&expire=2&refresh=true
12,분석결과 과기원통증연구단,"""AI 빅데이터 이용해 난치성 통증 연구"" 과학기술원 공동 연구단, T3Q와 업무협약",http://www.newsworker.co.kr/news/articleView.html?idxno=158850,https://search.pstatic.net/common/?src=https%3A%2F%2Fimgnews.pstatic.net%2Fimage%2Forigin%2F5521%2F2022%2F05%2F18%2F133787.jpg&type=ofullfill264_180_gray&expire=2&refresh=true
12,분석결과 과기원통증연구단,"백경란 ""빅데이터 활용 과학적 근거 기반 방역 정책 마련""",https://science.ytn.co.kr/program/program_view.php?s_mcd=0082&s_hcd=&key=202205181606354475,https://search.pstatic.net/common/?src=https%3A%2F%2Fimgnews.pstatic.net%2Fimage%2Forigin%2F5221%2F2022%2F05%2F18%2F84961.jpg&type=ofullfill264_180_gray&expire=2&refresh=true
12,분석결과 과기원통증연구단,"지스트 과학기술원, T3Q와 인공지능·빅데이터 기반 난치성 통증 연구나섰다!",http://www.aitimes.kr/news/articleView.html?idxno=25054,https://search.pstatic.net/common/?src=https%3A%2F%2Fimgnews.pstatic.net%2Fimage%2Forigin%2F5830%2F2022%2F05%2F18%2F6999.jpg&type=ff264_180&expire=2&refresh=true
12,분석결과 과기원통증연구단,"대한민국 도시 브랜드평판 5월 빅데이터 분석결과...1위 서울시, 2위 제주시, 3위 고양시",http://www.wsobi.com/news/articleView.html?idxno=162437,https://search.pstatic.net/common/?src=https%3A%2F%2Fimgnews.pstatic.net%2Fimage%2Forigin%2F5493%2F2022%2F05%2F18%2F54761.jpg&type=ofullfill264_180_gray&expire=2&refresh=true
12,분석결과 과기원통증연구단,"효성 조현준 회장, 빅데이터 활용해 스마트팩토리 구축한다",http://www.smartfn.co.kr/view.php?ud=20220518163007180211a912694e_46,https://search.pstatic.net/common/?src=https%3A%2F%2Fimgnews.pstatic.net%2Fimage%2Forigin%2F5827%2F2022%2F05%2F18%2F41587.jpg&type=ff264_180&expire=2&refresh=true
9,세종 한글과컴퓨터,"인공위성 '세종 1호' 쏘는 한글과컴퓨터, 이미지 데이터 노린다",http://www.bloter.net/newsView/blt202205180027,https://search.pstatic.net/common/?src=https%3A%2F%2Fimgnews.pstatic.net%2Fimage%2Forigin%2F293%2F2022%2F05%2F18%2F39141.jpg&type=ff264_180&expire=2&refresh=true
9,세종 한글과컴퓨터,"“랜섬웨어 피해 기업 3곳 중 1곳, 대가 지불해도 데이터 복구 실패”",https://biz.chosun.com/it-science/ict/2022/05/18/T2Y4T7DTBVCVTKRYWIGGABCW4M/?utm_source=naver&utm_medium=original&utm_campaign=biz,https://search.pstatic.net/common/?src=https%3A%2F%2Fimgnews.pstatic.net%2Fimage%2Forigin%2F366%2F2022%2F05%2F18%2F814503.jpg&type=ff264_180&expire=2&refresh=true
9,세종 한글과컴퓨터,"백경란 신임 질병청장 ""데이터 활용..과학 방역할것""",https://www.cjb.co.kr/home/sub.php?menukey=61&mod=view&P_NO=220518506&PRO_CODE=99,https://search.pstatic.net/common/?src=https%3A%2F%2Fimgnews.pstatic.net%2Fimage%2Forigin%2F655%2F2022%2F05%2F18%2F2087.jpg&type=ff264_180&expire=2&refresh=true
9,세종 한글과컴퓨터,"尹 디지털플랫폼정부 '목적' 분명해야…""데이터 '호수→늪' 된다"" [IT돋보기]",http://www.inews24.com/view/1481915,https://search.pstatic.net/common/?src=https%3A%2F%2Fimgnews.pstatic.net%2Fimage%2Forigin%2F031%2F2022%2F05%2F18%2F673462.jpg&type=ff264_180&expire=2&refresh=true
9,세종 한글과컴퓨터,"한컴, 25일 세종1호 발사...위성 기반 데이터 서비스 사업 본격 시동",http://www.digitaltoday.co.kr/news/articleView.html?idxno=445962,https://search.pstatic.net/common/?src=https%3A%2F%2Fimgnews.pstatic.net%2Fimage%2Forigin%2F5137%2F2022%2F05%2F18%2F118222.jpg&type=ofullfill264_180_gray&expire=2&refresh=true
9,세종 한글과컴퓨터,자율주행 로봇이 거리청소 하는 헬싱키… IoT기반 데이터로 홍수 예측하는 뉴욕,https://www.donga.com/news/article/all/20220518/113453326/1,https://search.pstatic.net/common/?src=https%3A%2F%2Fimgnews.pstatic.net%2Fimage%2Forigin%2F020%2F2022%2F05%2F18%2F3428967.jpg&type=ff264_180&expire=2&refresh=true
9,세종 한글과컴퓨터,"[올댓차이나] 중국, 채권거래 데이터 해외 기관투자가에 공개 중단",http://www.newsis.com/view/?id=NISX20220518_0001875878&cID=10101&pID=10100,https://search.pstatic.net/common/?src=https%3A%2F%2Fimgnews.pstatic.net%2Fimage%2Forigin%2F003%2F2022%2F05%2F18%2F11192658.jpg&type=ff264_180&expire=2&refresh=true
9,세종 한글과컴퓨터,"호주, 범죄 저지른 10대 청소년들 '데이터+와이파이' 안 되는 시골 오지로 보내버린다",https://www.insight.co.kr/news/395772,https://search.pstatic.net/common/?src=https%3A%2F%2Fimgnews.pstatic.net%2Fimage%2Forigin%2F5486%2F2022%2F05%2F18%2F211389.jpg&type=ofullfill264_180_gray&expire=2&refresh=true
9,세종 한글과컴퓨터,"빔 소프트웨어, 'VeeamON 2022' 개최... 데이터 보호의 미래 제시",https://www.dailysecu.com/news/articleView.html?idxno=136878,https://search.pstatic.net/common/?src=https%3A%2F%2Fimgnews.pstatic.net%2Fimage%2Forigin%2F5350%2F2022%2F05%2F18%2F113426.jpg&type=ofullfill264_180_gray&expire=2&refresh=true
9,세종 한글과컴퓨터,데이터 조작 논란 '시무필람' 국내 임상 3상 승인,http://www.dailypharm.com/Users/News/NewsView.html?ID=288200&REFERER=NP,https://search.pstatic.net/common/?src=https%3A%2F%2Fimgnews.pstatic.net%2Fimage%2Forigin%2F5190%2F2022%2F05%2F18%2F125599.jpg&type=ofullfill264_180_gray&expire=2&refresh=true
9,세종 한글과컴퓨터,"한국데이터산업진흥원, KOTRA와 손잡고 데이터·AI 시장 공략",http://www.enewstoday.co.kr/news/articleView.html?idxno=1570731,https://search.pstatic.net/common/?src=https%3A%2F%2Fimgnews.pstatic.net%2Fimage%2Forigin%2F5038%2F2022%2F05%2F18%2F724912.jpg&type=ofullfill264_180_gray&expire=2&refresh=true
9,세종 한글과컴퓨터,"코트라, 데이터산업진흥원과 '해외 데이터·AI 시장 선점' 맞손",http://www.cstimes.com/news/articleView.html?idxno=499183,https://search.pstatic.net/common/?src=https%3A%2F%2Fimgnews.pstatic.net%2Fimage%2Forigin%2F5174%2F2022%2F05%2F18%2F325172.jpg&type=ff264_180&expire=2&refresh=true
9,세종 한글과컴퓨터,"[ET시론]제조 경쟁력, 데이터 전략이 '게임 체인저'",http://www.etnews.com/20220518000043,https://search.pstatic.net/common/?src=https%3A%2F%2Fimgnews.pstatic.net%2Fimage%2Forigin%2F030%2F2022%2F05%2F18%2F3017592.jpg&type=ofullfill264_180_gray&expire=2&refresh=true
9,세종 한글과컴퓨터,"""실시간 데이터, AI 조합으로 활용성 ↑··· 디지털 지도 시장 14.1% 성장 전망""",https://www.ciokorea.com/news/236964,https://search.pstatic.net/common/?src=https%3A%2F%2Fimgnews.pstatic.net%2Fimage%2Forigin%2F5177%2F2022%2F05%2F18%2F33437.jpg&type=ff264_180&expire=2&refresh=true
9,세종 한글과컴퓨터,선방 능력은 누가 최고? K리그의 흥미로운 GK 데이터,http://www.sporbiz.co.kr/news/articleView.html?idxno=619390,https://search.pstatic.net/common/?src=https%3A%2F%2Fimgnews.pstatic.net%2Fimage%2Forigin%2F5438%2F2022%2F05%2F18%2F267870.jpg&type=ofullfill264_180_gray&expire=2&refresh=true
9,세종 한글과컴퓨터,"""자렐토, 동반 질환·고령·신기능 저하 NVAF 환자에서 치료 혜택 데이터 확인""",http://www.kmedinfo.co.kr/news/articleView.html?idxno=73607,https://search.pstatic.net/common/?src=https%3A%2F%2Fimgnews.pstatic.net%2Fimage%2Forigin%2F5740%2F2022%2F05%2F18%2F18186.jpg&type=ofullfill264_180_gray&expire=2&refresh=true
9,세종 한글과컴퓨터,"태블로, SaaS 분석 플랫폼에 ‘데이터 스토리텔링’ 기능 추가",https://www.ciokorea.com/news/236854,https://search.pstatic.net/common/?src=https%3A%2F%2Fimgnews.pstatic.net%2Fimage%2Forigin%2F5177%2F2022%2F05%2F18%2F33426.jpg&type=ff264_180&expire=2&refresh=true
9,세종 한글과컴퓨터,"매스웍스코리아, 18일 금융 데이터 분석 및 모델링 웨비나 개최",https://www.ddaily.co.kr/news/article.html?no=238028, 
9,세종 한글과컴퓨터,"퓨어스토리지·스노우플레이크, ""오브젝트스토리지-데이터 클라우드 결합"" ",https://www.itbiznews.com/news/articleView.html?idxno=72468,https://search.pstatic.net/common/?src=https%3A%2F%2Fimgnews.pstatic.net%2Fimage%2Forigin%2F5795%2F2022%2F05%2F18%2F19249.jpg&type=ofullfill264_180_gray&expire=2&refresh=true
9,세종 한글과컴퓨터,"[기고] 100% 안전한 시스템은 없다, '데이터 복구가 필요한 이유'",http://www.itdaily.kr/news/articleView.html?idxno=208149,https://search.pstatic.net/common/?src=https%3A%2F%2Fimgnews.pstatic.net%2Fimage%2Forigin%2F5046%2F2022%2F05%2F18%2F91518.jpg&type=ofullfill264_180_gray&expire=2&refresh=true
9,세종 한글과컴퓨터,"[기고] 아크로니스 코리아 고목동 지사장, '데이터 손실' 신속한 데이터 복구로 비즈니스 연속성 확보",http://www.aitimes.kr/news/articleView.html?idxno=25065,https://search.pstatic.net/common/?src=https%3A%2F%2Fimgnews.pstatic.net%2Fimage%2Forigin%2F5830%2F2022%2F05%2F18%2F7009.jpg&type=ff264_180&expire=2&refresh=true
9,세종 한글과컴퓨터,"에이모, 대한민국 대표 AI·데이터 기업으로 일본 고객에 독보적인 'AI 데이터 라벨링' 기술 선보여",http://www.aitimes.kr/news/articleView.html?idxno=25061,https://search.pstatic.net/common/?src=https%3A%2F%2Fimgnews.pstatic.net%2Fimage%2Forigin%2F5830%2F2022%2F05%2F18%2F7008.jpg&type=ff264_180&expire=2&refresh=true
9,세종 한글과컴퓨터,【코로나19 극복 2022 우수 유망 중소기업을 찾아서⑲-(주)그렉터】 데이터 구축시대에서 활용시대 본격적으로 열어,https://www.sisa-news.com/news/article.html?no=199545,https://search.pstatic.net/common/?src=https%3A%2F%2Fimgnews.pstatic.net%2Fimage%2Forigin%2F5612%2F2022%2F05%2F18%2F77656.jpg&type=ofullfill264_180_gray&expire=2&refresh=true
9,세종 한글과컴퓨터,"랜섬웨어, 76%가 대가 지불…3분의 1은 데이터마저 분실",https://www.hellot.net/news/article.html?no=68251,https://search.pstatic.net/common/?src=https%3A%2F%2Fimgnews.pstatic.net%2Fimage%2Forigin%2F5417%2F2022%2F05%2F18%2F34603.jpg&type=ofullfill264_180_gray&expire=2&refresh=true
9,세종 한글과컴퓨터,"제주, 해양생태계 변화 예측 통합관리 데이터 구축한다",http://www.headlinejeju.co.kr/news/articleView.html?idxno=486393,https://search.pstatic.net/common/?src=https%3A%2F%2Fimgnews.pstatic.net%2Fimage%2Forigin%2F5267%2F2022%2F05%2F18%2F223661.jpg&type=ofullfill264_180_gray&expire=2&refresh=true
9,세종 한글과컴퓨터,"""랜섬웨어 피해기업 76%가 대가 지불…1/3은 아직도 데이터 복구 못해""",http://www.itdaily.kr/news/articleView.html?idxno=208157,https://search.pstatic.net/common/?src=https%3A%2F%2Fimgnews.pstatic.net%2Fimage%2Forigin%2F5046%2F2022%2F05%2F18%2F91526.jpg&type=ofullfill264_180_gray&expire=2&refresh=true
9,세종 한글과컴퓨터,"행안부, 467개 기관 대상 데이터 기반 행정 실태점검 실시",https://www.ddaily.co.kr/news/article.html?no=238014,https://search.pstatic.net/common/?src=https%3A%2F%2Fimgnews.pstatic.net%2Fimage%2Forigin%2F138%2F2022%2F05%2F18%2F2124939.jpg&type=ff264_180&expire=2&refresh=true
9,세종 한글과컴퓨터,기후변화 대응 제주 해양환경 통합 데이터 구축,http://www.jejuilbo.net/news/articleView.html?idxno=183797, 
9,세종 한글과컴퓨터,"빔 소프트웨어, 데이터 보호 컨퍼런스 'VeeamON 2022' 개최",http://www.koit.co.kr/news/articleView.html?idxno=97240,https://search.pstatic.net/common/?src=https%3A%2F%2Fimgnews.pstatic.net%2Fimage%2Forigin%2F5839%2F2022%2F05%2F18%2F13644.jpg&type=ofullfill264_180_gray&expire=2&refresh=true
2,신한베트남은행 디지털사업,"신한베트남은행, 디지털 사업 전담 추진 조직",http://www.edaily.co.kr/news/newspath.asp?newsid=01872886632330232,https://search.pstatic.net/common/?src=https%3A%2F%2Fimgnews.pstatic.net%2Fimage%2Forigin%2F018%2F2022%2F05%2F18%2F5218739.jpg&type=ff264_180&expire=2&refresh=true
2,신한베트남은행 디지털사업,"신한, 베트남에 디지털 사업 조직 출범… 현지 IT기업 지분 인수",https://biz.chosun.com/stock/finance/2022/05/18/HTTFKQNIN5A3XFCBVSNUZDPQ7Y/?utm_source=naver&utm_medium=original&utm_campaign=biz,https://search.pstatic.net/common/?src=https%3A%2F%2Fimgnews.pstatic.net%2Fimage%2Forigin%2F366%2F2022%2F05%2F18%2F814518.jpg&type=ff264_180&expire=2&refresh=true
2,신한베트남은행 디지털사업,"신한베트남은행, 디지털 사업 전담 조직 '퓨처뱅크그룹' 출범",http://moneys.mt.co.kr/news/mwView.php?no=2022051809485964679,https://search.pstatic.net/common/?src=https%3A%2F%2Fimgnews.pstatic.net%2Fimage%2Forigin%2F417%2F2022%2F05%2F18%2F814126.jpg&type=ff264_180&expire=2&refresh=true
2,신한베트남은행 디지털사업,"신한베트남은행, 디지털사업 전담 조직 'Future Bank Group' 출범",http://daily.hankooki.com/news/articleView.html?idxno=825552,https://search.pstatic.net/common/?src=https%3A%2F%2Fimgnews.pstatic.net%2Fimage%2Forigin%2F5358%2F2022%2F05%2F18%2F412625.jpg&type=ofullfill264_180_gray&expire=2&refresh=true
2,신한베트남은행 디지털사업,"신한베트남은행, 디지털 사업 전담 ‘Future Bank Group’ 출범 선포식",https://www.sedaily.com/NewsView/2660OGNIKE,https://search.pstatic.net/common/?src=https%3A%2F%2Fimgnews.pstatic.net%2Fimage%2Forigin%2F011%2F2022%2F05%2F18%2F4055128.jpg&type=ff264_180&expire=2&refresh=true
2,신한베트남은행 디지털사업,"신한베트남은행, 디지털사업 전담 조직 '퓨처뱅크 그룹' 출범",https://www.ajunews.com/view/20220518102038319,https://search.pstatic.net/common/?src=https%3A%2F%2Fimgnews.pstatic.net%2Fimage%2Forigin%2F5090%2F2022%2F05%2F18%2F2137684.jpg&type=ofullfill264_180_gray&expire=2&refresh=true
2,신한베트남은행 디지털사업,"신한베트남은행, 디지털 사업 강화",https://www.cnbnews.com/news/article.html?no=546593,https://search.pstatic.net/common/?src=https%3A%2F%2Fimgnews.pstatic.net%2Fimage%2Forigin%2F5293%2F2022%2F05%2F18%2F281858.jpg&type=ofullfill264_180_gray&expire=2&refresh=true
2,신한베트남은행 디지털사업,"신한베트남은행, 디지털 사업 전담 추진 조직 출범…""변화와 혁신 불가피""",http://www.inews24.com/view/1481854,https://search.pstatic.net/common/?src=https%3A%2F%2Fimgnews.pstatic.net%2Fimage%2Forigin%2F031%2F2022%2F05%2F18%2F673393.jpg&type=ff264_180&expire=2&refresh=true
2,신한베트남은행 디지털사업,"신한베트남은행, 디지털 사업 전담조직 신설",http://www.fntimes.com/html/view.php?ud=2022051810493424825e7b64bed4_18,https://search.pstatic.net/common/?src=https%3A%2F%2Fimgnews.pstatic.net%2Fimage%2Forigin%2F5040%2F2022%2F05%2F18%2F268905.jpg&type=ofullfill264_180_gray&expire=2&refresh=true
2,신한베트남은행 디지털사업,"신한베트남은행, 디지털 사업 추진 조직 출범",http://www.meconomynews.com/news/articleView.html?idxno=66691,https://search.pstatic.net/common/?src=https%3A%2F%2Fimgnews.pstatic.net%2Fimage%2Forigin%2F5528%2F2022%2F05%2F18%2F41593.jpg&type=ff264_180&expire=2&refresh=true
2,신한베트남은행 디지털사업,"신한베트남은행, 디지털 사업 전담 조직 'Future Bank Group' 출범",http://www.seoulwire.com/news/articleView.html?idxno=470020,https://search.pstatic.net/common/?src=https%3A%2F%2Fimgnews.pstatic.net%2Fimage%2Forigin%2F5526%2F2022%2F05%2F18%2F302052.jpg&type=ofullfill264_180_gray&expire=2&refresh=true
2,신한베트남은행 디지털사업,"신한베트남은행, 디지털 사업 전담 추진 조직 'Future Bank Group' 출범 선포식 개최",http://www.ftoday.co.kr/news/articleView.html?idxno=235911,https://search.pstatic.net/common/?src=https%3A%2F%2Fimgnews.pstatic.net%2Fimage%2Forigin%2F5518%2F2022%2F05%2F18%2F51295.jpg&type=ofullfill264_180_gray&expire=2&refresh=true
2,신한베트남은행 디지털사업,"신한베트남은행, 디지털 성장 전략 추진 위한 'Future Bank Group' 출범 선포식 개최",http://www.thefirstmedia.net/news/articleView.html?idxno=94152,https://search.pstatic.net/common/?src=https%3A%2F%2Fimgnews.pstatic.net%2Fimage%2Forigin%2F5560%2F2022%2F05%2F18%2F51162.jpg&type=ofullfill264_180_gray&expire=2&refresh=true
2,신한베트남은행 디지털사업,"신한베트남은행, 디지털 사업 추진 조직 'Future Bank Group' 출범 선포식",http://www.intn.co.kr/news/articleView.html?idxno=2022554,https://search.pstatic.net/common/?src=https%3A%2F%2Fimgnews.pstatic.net%2Fimage%2Forigin%2F5309%2F2022%2F05%2F18%2F58608.jpg&type=ofullfill264_180_gray&expire=2&refresh=true
15,인천관광공사 공공데이터,"하동군, 공공데이터 기업매칭 공모 선정",http://www.enewstoday.co.kr/news/articleView.html?idxno=1570777,https://search.pstatic.net/common/?src=https%3A%2F%2Fimgnews.pstatic.net%2Fimage%2Forigin%2F5038%2F2022%2F05%2F18%2F724995.jpg&type=ofullfill264_180_gray&expire=2&refresh=true
15,인천관광공사 공공데이터,"안산시, ‘공공데이터 기업매칭 지원사업’ 추진",http://news.tf.co.kr/read/national/1939221.htm,https://search.pstatic.net/common/?src=https%3A%2F%2Fimgnews.pstatic.net%2Fimage%2Forigin%2F629%2F2022%2F05%2F18%2F150059.jpg&type=ff264_180&expire=2&refresh=true
15,인천관광공사 공공데이터,"보령시, '공공데이터 기업매칭 지원사업' 2년 연속 선정",https://www.ajunews.com/view/20220518090901199,https://search.pstatic.net/common/?src=https%3A%2F%2Fimgnews.pstatic.net%2Fimage%2Forigin%2F5090%2F2022%2F05%2F18%2F2137713.jpg&type=ofullfill264_180_gray&expire=2&refresh=true
15,인천관광공사 공공데이터,"유성구, '공공데이터 기업매칭 지원 사업' 추진",http://www.dtnews24.com/news/articleView.html?idxno=725159,https://search.pstatic.net/common/?src=https%3A%2F%2Fimgnews.pstatic.net%2Fimage%2Forigin%2F5232%2F2022%2F05%2F18%2F180707.jpg&type=ofullfill264_180_gray&expire=2&refresh=true
15,인천관광공사 공공데이터,"투비디티엑스, ‘2022년 데이터바우처 지원사업’ 선정",http://www.segyebiz.com/newsView/20220518513940?OutUrl=naver,https://search.pstatic.net/common/?src=https%3A%2F%2Fimgnews.pstatic.net%2Fimage%2Forigin%2F5653%2F2022%2F05%2F18%2F60552.jpg&type=ofullfill264_180_gray&expire=2&refresh=true
15,인천관광공사 공공데이터,"충남 보령시, 행안부 주관 공공데이터 기업매칭 선정…2년 연속",http://www.newsfreezone.co.kr/news/articleView.html?idxno=381694,https://search.pstatic.net/common/?src=https%3A%2F%2Fimgnews.pstatic.net%2Fimage%2Forigin%2F5551%2F2022%2F05%2F18%2F176003.jpg&type=ofullfill264_180_gray&expire=2&refresh=true
15,인천관광공사 공공데이터,"안산시, 행안부 주관 '공공데이터 기업 매칭 지원사업' 선정",http://www.upinews.kr/newsView/upi202205180097,https://search.pstatic.net/common/?src=https%3A%2F%2Fimgnews.pstatic.net%2Fimage%2Forigin%2F5372%2F2022%2F05%2F18%2F95288.jpg&type=ofullfill264_180_gray&expire=2&refresh=true
15,인천관광공사 공공데이터,"하동군, 행안부 공공데이터 공모사업 선정",http://www.idomin.com/news/articleView.html?idxno=794413, 
15,인천관광공사 공공데이터,"인천관광공사, 공공데이터 기업매칭 지원사업… 최대10억 확보",http://www.joongdo.co.kr/web/view.php?key=20220518010004661,https://search.pstatic.net/common/?src=https%3A%2F%2Fimgnews.pstatic.net%2Fimage%2Forigin%2F5340%2F2022%2F05%2F18%2F779878.jpg&type=ofullfill264_180_gray&expire=2&refresh=true
15,인천관광공사 공공데이터,"보령시, 2년 연속 공공데이터 기업매칭 지원사업 선정",http://www.ccdn.co.kr/news/articleView.html?idxno=760472, 
10,삼성카드 마이데이터,[갈길 먼 마이데이터]② 영국에선 플랫폼이 된 마이데이터 사업자,https://view.asiae.co.kr/article/2022051313454475615,https://search.pstatic.net/common/?src=https%3A%2F%2Fimgnews.pstatic.net%2Fimage%2Forigin%2F277%2F2022%2F05%2F18%2F5090367.jpg&type=ff264_180&expire=2&refresh=true
10,삼성카드 마이데이터,"인젠트, 가명/익명처리 서비스 ‘마이데이터 쉴드’ 무료체험",https://zdnet.co.kr/view/?no=20220518165211,https://search.pstatic.net/common/?src=https%3A%2F%2Fimgnews.pstatic.net%2Fimage%2Forigin%2F092%2F2022%2F05%2F18%2F2257178.jpg&type=ff264_180&expire=2&refresh=true
10,삼성카드 마이데이터,2023년 의료 마이데이터…민간 빠진 '반쪽개통' 우려,http://www.etnews.com/20220518000216,https://search.pstatic.net/common/?src=https%3A%2F%2Fimgnews.pstatic.net%2Fimage%2Forigin%2F030%2F2022%2F05%2F18%2F3017743.jpg&type=ff264_180&expire=2&refresh=true
10,삼성카드 마이데이터,"[갈길 먼 마이데이터] 디지.미 회장 ""개인이 적극 공유하는 정보로 기업과 연결""",https://view.asiae.co.kr/article/2022051716225714420,https://search.pstatic.net/common/?src=https%3A%2F%2Fimgnews.pstatic.net%2Fimage%2Forigin%2F277%2F2022%2F05%2F18%2F5090368.jpg&type=ff264_180&expire=2&refresh=true
10,삼성카드 마이데이터,"삼성카드, 마이데이터 공백 채우기 심혈",http://www.econovill.com/news/articleView.html?idxno=576067,https://search.pstatic.net/common/?src=https%3A%2F%2Fimgnews.pstatic.net%2Fimage%2Forigin%2F5097%2F2022%2F05%2F18%2F289722.jpg&type=ofullfill264_180_gray&expire=2&refresh=true
10,삼성카드 마이데이터,‘마이데이터’가 재무·소비 분석…나만의 상품 찾아준다,http://www.munhwa.com/news/view.html?no=2022051801031809317001,https://search.pstatic.net/common/?src=https%3A%2F%2Fimgnews.pstatic.net%2Fimage%2Forigin%2F021%2F2022%2F05%2F18%2F2514013.jpg&type=ff264_180&expire=2&refresh=true
10,삼성카드 마이데이터,"인젠트, 신규 고객 대상 '마이데이터 실드' 무료 체험 이벤트",http://www.datanet.co.kr/news/articleView.html?idxno=172715,https://search.pstatic.net/common/?src=https%3A%2F%2Fimgnews.pstatic.net%2Fimage%2Forigin%2F5096%2F2022%2F05%2F18%2F123285.jpg&type=ofullfill264_180_gray&expire=2&refresh=true
10,삼성카드 마이데이터,"인젠트, 가명-익명처리 서비스 '마이데이터 Shield' 무료체험 제공",https://www.dailysecu.com/news/articleView.html?idxno=136872,https://search.pstatic.net/common/?src=https%3A%2F%2Fimgnews.pstatic.net%2Fimage%2Forigin%2F5350%2F2022%2F05%2F18%2F113420.jpg&type=ofullfill264_180_gray&expire=2&refresh=true
10,삼성카드 마이데이터,"[사설]의료 마이데이터, 이제 빗장 풀 때",http://www.etnews.com/20220518000218,https://search.pstatic.net/common/?src=https%3A%2F%2Fimgnews.pstatic.net%2Fimage%2Forigin%2F030%2F2022%2F05%2F18%2F3017747.jpg&type=ff264_180&expire=2&refresh=true
3,신한베트남은행 디지털,"신한베트남은행, 디지털 사업 전담 '퓨처 뱅크 그룹' 출범",https://www.hankyung.com/economy/article/202205183982i,https://search.pstatic.net/common/?src=https%3A%2F%2Fimgnews.pstatic.net%2Fimage%2Forigin%2F015%2F2022%2F05%2F18%2F4700358.jpg&type=ff264_180&expire=2&refresh=true
3,신한베트남은행 디지털,"신한베트남銀, 디지털 전담 '퓨처 뱅크 그룹' 출범…""디지털 역량 강화""",https://www.asiatoday.co.kr/view.php?key=20220518010010780,https://search.pstatic.net/common/?src=https%3A%2F%2Fimgnews.pstatic.net%2Fimage%2Forigin%2F5268%2F2022%2F05%2F18%2F1643124.jpg&type=ff264_180&expire=2&refresh=true
3,신한베트남은행 디지털,"신한베트남은행, 디지털 사업 총괄 '퓨처 뱅크 그룹' 출범",http://www.lcnews.co.kr/news/articleView.html?idxno=33376,https://search.pstatic.net/common/?src=https%3A%2F%2Fimgnews.pstatic.net%2Fimage%2Forigin%2F5762%2F2022%2F05%2F18%2F27993.jpg&type=ofullfill264_180_gray&expire=2&refresh=true
3,신한베트남은행 디지털,"신한베트남은행, 디지털 사업 전담 '퓨쳐 뱅크 그룹' 출범",http://www.thekpm.com/news/articleView.html?idxno=120096,https://search.pstatic.net/common/?src=https%3A%2F%2Fimgnews.pstatic.net%2Fimage%2Forigin%2F5679%2F2022%2F05%2F18%2F105337.jpg&type=ofullfill264_180_gray&expire=2&refresh=true
3,신한베트남은행 디지털,"신한베트남은행, 디지털 전략 추진 조직 '퓨처 뱅크 그룹' 출범",https://www.ekn.kr/web/view.php?key=20220518010002847,https://search.pstatic.net/common/?src=https%3A%2F%2Fimgnews.pstatic.net%2Fimage%2Forigin%2F5133%2F2022%2F05%2F18%2F519606.jpg&type=ofullfill264_180_gray&expire=2&refresh=true
3,신한베트남은행 디지털,"신한베트남銀, 베트남 디지털 사업 전담 '퓨쳐 뱅크 그룹' 출범",https://www.tokenpost.kr/article-94256,https://search.pstatic.net/common/?src=https%3A%2F%2Fimgnews.pstatic.net%2Fimage%2Forigin%2F5879%2F2022%2F05%2F18%2F280.jpg&type=ofullfill264_180_gray&expire=2&refresh=true
3,신한베트남은행 디지털,"신한베트남은행, 디지털 생태계 조성 위한 '퓨처 뱅크 그룹' 출범 선포식",https://www.foodneconomy.com/news/articleView.html?idxno=336237,https://search.pstatic.net/common/?src=https%3A%2F%2Fimgnews.pstatic.net%2Fimage%2Forigin%2F5567%2F2022%2F05%2F18%2F48406.jpg&type=ofullfill264_180_gray&expire=2&refresh=true
3,신한베트남은행 디지털,"신한베트남은행, 디지털 사업 전담 추진 조직 ‘퓨처 뱅크 그룹’ 출범",https://www.etoday.co.kr/news/view/2134881,https://search.pstatic.net/common/?src=https%3A%2F%2Fimgnews.pstatic.net%2Fimage%2Forigin%2F5003%2F2022%2F05%2F18%2F1749189.jpg&type=ff264_180&expire=2&refresh=true
14,농협은행 마이데이터,"농협은행, 마이데이터 친구추천 이벤트 진행",http://www.edaily.co.kr/news/newspath.asp?newsid=01538326632330232,https://search.pstatic.net/common/?src=https%3A%2F%2Fimgnews.pstatic.net%2Fimage%2Forigin%2F018%2F2022%2F05%2F18%2F5218625.jpg&type=ff264_180&expire=2&refresh=true
14,농협은행 마이데이터,"NH농협은행, NH마이데이터 친구추천 이벤트 '사회적 커피두기' 실시",http://www.newsworker.co.kr/news/articleView.html?idxno=158890,https://search.pstatic.net/common/?src=https%3A%2F%2Fimgnews.pstatic.net%2Fimage%2Forigin%2F5521%2F2022%2F05%2F18%2F133861.jpg&type=ofullfill264_180_gray&expire=2&refresh=true
14,농협은행 마이데이터,"NH농협은행, 마이데이터 친구추천 이벤트...""선착순 커피 쿠폰 제공""",http://www.paxetv.com/news/articleView.html?idxno=144754,https://search.pstatic.net/common/?src=https%3A%2F%2Fimgnews.pstatic.net%2Fimage%2Forigin%2F5802%2F2022%2F05%2F18%2F51852.jpg&type=ofullfill264_180_gray&expire=2&refresh=true
14,농협은행 마이데이터,"NH농협은행, NH마이데이터 친구추천 '사회적 커피두기' 이벤트",http://www.kdfnews.com/news/articleView.html?idxno=91704,https://search.pstatic.net/common/?src=https%3A%2F%2Fimgnews.pstatic.net%2Fimage%2Forigin%2F5638%2F2022%2F05%2F18%2F53692.jpg&type=ofullfill264_180_gray&expire=2&refresh=true
14,농협은행 마이데이터,"NH농협은행, 코로나19 일상회복 응원..NH마이데이터 친구추천 이벤트 펼쳐",http://kpenews.com/View.aspx?No=2388418,https://search.pstatic.net/common/?src=https%3A%2F%2Fimgnews.pstatic.net%2Fimage%2Forigin%2F5503%2F2022%2F05%2F18%2F100490.jpg&type=ofullfill264_180_gray&expire=2&refresh=true
14,농협은행 마이데이터,"NH농협은행, NH마이데이터 사회적 커피 두기 이벤트",http://www.newscj.com/news/articleView.html?idxno=982379,https://search.pstatic.net/common/?src=https%3A%2F%2Fimgnews.pstatic.net%2Fimage%2Forigin%2F5041%2F2022%2F05%2F18%2F773814.jpg&type=ff264_180&expire=2&refresh=true
14,농협은행 마이데이터,"NH농협은행, NH마이데이터 친구추천 이벤트 실시",http://www.wsobi.com/news/articleView.html?idxno=162361,https://search.pstatic.net/common/?src=https%3A%2F%2Fimgnews.pstatic.net%2Fimage%2Forigin%2F5493%2F2022%2F05%2F18%2F54733.jpg&type=ofullfill264_180_gray&expire=2&refresh=true
4,선진입 의료기술,"뷰노, 국내 의료 AI 최초 선진입 의료기술 확정",http://www.etnews.com/20220518000235,https://search.pstatic.net/common/?src=https%3A%2F%2Fimgnews.pstatic.net%2Fimage%2Forigin%2F030%2F2022%2F05%2F18%2F3017762.jpg&type=ff264_180&expire=2&refresh=true
4,선진입 의료기술,"뷰노, 국내 의료AI 최초 선진입 의료기술 결정",http://www.bosa.co.kr/news/articleView.html?idxno=2173792,https://search.pstatic.net/common/?src=https%3A%2F%2Fimgnews.pstatic.net%2Fimage%2Forigin%2F5376%2F2022%2F05%2F18%2F129757.jpg&type=ofullfill264_180_gray&expire=2&refresh=true
4,선진입 의료기술,"뷰노, 국내 의료AI 최초 선진입 의료기술 확정",http://www.newstomato.com/ReadNews.aspx?no=1123759&inflow=N,https://search.pstatic.net/common/?src=https%3A%2F%2Fimgnews.pstatic.net%2Fimage%2Forigin%2F5119%2F2022%2F05%2F18%2F843001.jpg&type=ofullfill264_180_gray&expire=2&refresh=true
4,선진입 의료기술,"뷰노, '심정지 예측 의료 AI' 선진입 의료기술 확정",http://www.econovill.com/news/articleView.html?idxno=576002,https://search.pstatic.net/common/?src=https%3A%2F%2Fimgnews.pstatic.net%2Fimage%2Forigin%2F5097%2F2022%2F05%2F18%2F289675.jpg&type=ofullfill264_180_gray&expire=2&refresh=true
4,선진입 의료기술,"뷰노 AI 기반 심정지 예측 의료기기, NECA 선진입 의료기술 확정",https://mdtoday.co.kr/news/view/1065588341442458,https://search.pstatic.net/common/?src=https%3A%2F%2Fimgnews.pstatic.net%2Fimage%2Forigin%2F5269%2F2022%2F05%2F18%2F212056.jpg&type=ff264_180&expire=2&refresh=true
4,선진입 의료기술,"뷰노, 국내 의료AI '업계 최초' 선진입 의료기술 확정",http://www.monews.co.kr/news/articleView.html?idxno=312580,https://search.pstatic.net/common/?src=https%3A%2F%2Fimgnews.pstatic.net%2Fimage%2Forigin%2F5371%2F2022%2F05%2F18%2F48182.jpg&type=ff264_180&expire=2&refresh=true
4,선진입 의료기술,"뷰노 AI기반 심정지 예측기기, 첫 선진입 의료기술 확정",http://www.medisobizanews.com/news/articleView.html?idxno=87451,https://search.pstatic.net/common/?src=https%3A%2F%2Fimgnews.pstatic.net%2Fimage%2Forigin%2F5576%2F2022%2F05%2F18%2F26751.jpg&type=ofullfill264_180_gray&expire=2&refresh=true
18,신한베트남은행 디지털사업,"신한베트남은행, 디지털사업 전담조직 신설…해외도 디지털 전환",http://news.mt.co.kr/mtview.php?no=2022051810041386649,https://search.pstatic.net/common/?src=https%3A%2F%2Fimgnews.pstatic.net%2Fimage%2Forigin%2F008%2F2022%2F05%2F18%2F4747461.jpg&type=ff264_180&expire=2&refresh=true
18,신한베트남은행 디지털사업,"신한베트남은행, 디지털사업 전담조직 출범",http://www.seoulfn.com/news/articleView.html?idxno=455740,https://search.pstatic.net/common/?src=https%3A%2F%2Fimgnews.pstatic.net%2Fimage%2Forigin%2F5001%2F2022%2F05%2F18%2F380525.jpg&type=ofullfill264_180_gray&expire=2&refresh=true
18,신한베트남은행 디지털사업,"신한베트남은행, 디지털 전담조직 출범 선포",https://www.straightnews.co.kr/news/articleView.html?idxno=211015,https://search.pstatic.net/common/?src=https%3A%2F%2Fimgnews.pstatic.net%2Fimage%2Forigin%2F5677%2F2022%2F05%2F18%2F71661.jpg&type=ofullfill264_180_gray&expire=2&refresh=true
18,신한베트남은행 디지털사업,"신한베트남은행 디지털 전담조직 꾸려, 진옥동 ""사업추진 동력""",https://www.businesspost.co.kr/BP?command=article_view&num=281324,https://search.pstatic.net/common/?src=https%3A%2F%2Fimgnews.pstatic.net%2Fimage%2Forigin%2F5374%2F2022%2F05%2F18%2F262919.jpg&type=ofullfill264_180_gray&expire=2&refresh=true
18,신한베트남은행 디지털사업,"신한베트남은행, 디지털사업 전담조직 'Future Bank Group' 출범 선포",http://www.koreaittimes.com/news/articleView.html?idxno=112980,https://search.pstatic.net/common/?src=https%3A%2F%2Fimgnews.pstatic.net%2Fimage%2Forigin%2F5187%2F2022%2F05%2F18%2F44514.jpg&type=ofullfill264_180_gray&expire=2&refresh=true
18,신한베트남은행 디지털사업,"신한베트남은행, 디지털금융 강화…전담조직 '퓨처뱅크그룹' 출범",http://www.insidevina.com/news/articleView.html?idxno=20235,https://search.pstatic.net/common/?src=https%3A%2F%2Fimgnews.pstatic.net%2Fimage%2Forigin%2F5823%2F2022%2F05%2F18%2F6741.jpg&type=ofullfill264_180_gray&expire=2&refresh=true
18,신한베트남은행 디지털사업,"신한베트남은행, 'Future Bank Group' 출범 선포...""디지털 뱅크 위상 강화""",https://www.fetv.co.kr/news/article.html?no=115679,https://search.pstatic.net/common/?src=https%3A%2F%2Fimgnews.pstatic.net%2Fimage%2Forigin%2F5484%2F2022%2F05%2F18%2F103254.jpg&type=ofullfill264_180_gray&expire=2&refresh=true
17,한국데이터산업진흥원 넥슨,"넥슨, 라프텔과 '가명정보 결합'…데이터 사이언스 강화",http://www.newsis.com/view/?id=NISX20220518_0001876390&cID=10406&pID=13100,https://search.pstatic.net/common/?src=https%3A%2F%2Fimgnews.pstatic.net%2Fimage%2Forigin%2F003%2F2022%2F05%2F18%2F11193522.jpg&type=ff264_180&expire=2&refresh=true
17,한국데이터산업진흥원 넥슨,넥슨-라프텔 데이터 결합··· “문화 콘텐츠 분야 국내 최초 사례”,https://www.ddaily.co.kr/news/article.html?no=238002,https://search.pstatic.net/common/?src=https%3A%2F%2Fimgnews.pstatic.net%2Fimage%2Forigin%2F138%2F2022%2F05%2F18%2F2124931.jpg&type=ff264_180&expire=2&refresh=true
17,한국데이터산업진흥원 넥슨,"한국데이터산업진흥원, 넥슨·라프텔 가명정보 결합 지원...국내 첫 사례",http://www.digitaltoday.co.kr/news/articleView.html?idxno=445975,https://search.pstatic.net/common/?src=https%3A%2F%2Fimgnews.pstatic.net%2Fimage%2Forigin%2F5137%2F2022%2F05%2F18%2F118229.jpg&type=ofullfill264_180_gray&expire=2&refresh=true
17,한국데이터산업진흥원 넥슨,"넥슨-라프텔과 가명정보 결합, 데이터 사이언스 기반 서비스 제공",http://www.thebigdata.co.kr/view.php?ud=2022051810400781372d2db879fd_23,https://search.pstatic.net/common/?src=https%3A%2F%2Fimgnews.pstatic.net%2Fimage%2Forigin%2F5645%2F2022%2F05%2F18%2F117304.jpg&type=ofullfill264_180_gray&expire=2&refresh=true
17,한국데이터산업진흥원 넥슨,"""데이터 사이언스 강화""… 넥슨-라프텔, 국내 최초 가명정보 결합",https://www.youthdaily.co.kr/news/article.html?no=100660,https://search.pstatic.net/common/?src=https%3A%2F%2Fimgnews.pstatic.net%2Fimage%2Forigin%2F5686%2F2022%2F05%2F18%2F81371.jpg&type=ofullfill264_180_gray&expire=2&refresh=true
17,한국데이터산업진흥원 넥슨,"넥슨-라프텔, 국내 첫 가명정보 결합 데이터 사이언스 서비스",http://www.sportsq.co.kr/news/articleView.html?idxno=440327,https://search.pstatic.net/common/?src=https%3A%2F%2Fimgnews.pstatic.net%2Fimage%2Forigin%2F5400%2F2022%2F05%2F18%2F203513.jpg&type=ofullfill264_180_gray&expire=2&refresh=true
17,한국데이터산업진흥원 넥슨,"넥슨, 라프텔과 가명정보 결합… ""데이터 시너지 창출""",https://www.dailyimpact.co.kr/news/articleView.html?idxno=79570,https://search.pstatic.net/common/?src=https%3A%2F%2Fimgnews.pstatic.net%2Fimage%2Forigin%2F5670%2F2022%2F05%2F18%2F21511.jpg&type=ff264_180&expire=2&refresh=true
11,셀바스ai 원프레딕트,"셀바스AI, '셀비 노트 2.0' GS인증 1등급…공공 확대",https://zdnet.co.kr/view/?no=20220518155057,https://search.pstatic.net/common/?src=https%3A%2F%2Fimgnews.pstatic.net%2Fimage%2Forigin%2F092%2F2022%2F05%2F18%2F2257164.jpg&type=ff264_180&expire=2&refresh=true
11,셀바스ai 원프레딕트,"셀바스AI, '셀비 노트' GS인증 1등급 획득",http://www.edaily.co.kr/news/newspath.asp?newsid=01580966632330232,https://search.pstatic.net/common/?src=https%3A%2F%2Fimgnews.pstatic.net%2Fimage%2Forigin%2F018%2F2022%2F05%2F18%2F5218647.jpg&type=ff264_180&expire=2&refresh=true
11,셀바스ai 원프레딕트,"셀바스 AI, '셀비 노트 2.0' GS 인증 1등급 획득",http://news.mt.co.kr/mtview.php?no=2022051808563721100, 
11,셀바스ai 원프레딕트,"원프레딕트, AI기반 '가디원 서브스테이션' GS인증 1등급 획득",http://www.etnews.com/20220518000023,https://search.pstatic.net/common/?src=https%3A%2F%2Fimgnews.pstatic.net%2Fimage%2Forigin%2F030%2F2022%2F05%2F18%2F3017574.jpg&type=ofullfill264_180_gray&expire=2&refresh=true
11,셀바스ai 원프레딕트,"셀바스 AI, 음성 기록 솔루션 '셀비 노트 2.0' GS 인증 1등급 획득",http://www.getnews.co.kr/news/articleView.html?idxno=584689,https://search.pstatic.net/common/?src=https%3A%2F%2Fimgnews.pstatic.net%2Fimage%2Forigin%2F5445%2F2022%2F05%2F18%2F318561.jpg&type=ofullfill264_180_gray&expire=2&refresh=true
11,셀바스ai 원프레딕트,"그리드원, 'AI 플랫폼' GS인증 획득",http://www.enewstoday.co.kr/news/articleView.html?idxno=1570833,https://search.pstatic.net/common/?src=https%3A%2F%2Fimgnews.pstatic.net%2Fimage%2Forigin%2F5038%2F2022%2F05%2F18%2F725029.jpg&type=ofullfill264_180_gray&expire=2&refresh=true
11,셀바스ai 원프레딕트,"셀바스AI·원프레딕트, GS인증 1등급 획득...기술력과 편의성 인정",http://www.aitimes.com/news/articleView.html?idxno=144655,https://search.pstatic.net/common/?src=https%3A%2F%2Fimgnews.pstatic.net%2Fimage%2Forigin%2F5746%2F2022%2F05%2F18%2F84603.jpg&type=ofullfill264_180_gray&expire=2&refresh=true
13,다문화마을특구 상권db,"'공공데이터 기업매칭 지원사업' 나선 안산시, 다문화마을특구 상권DB 구축",http://www.joongboo.com/news/articleView.html?idxno=363541657,https://search.pstatic.net/common/?src=https%3A%2F%2Fimgnews.pstatic.net%2Fimage%2Forigin%2F5281%2F2022%2F05%2F18%2F475055.jpg&type=ofullfill264_180_gray&expire=2&refresh=true
13,다문화마을특구 상권db,"안산시, 다문화마을특구 상권DB 구축한다",https://www.ajunews.com/view/20220518090558197,https://search.pstatic.net/common/?src=https%3A%2F%2Fimgnews.pstatic.net%2Fimage%2Forigin%2F5090%2F2022%2F05%2F18%2F2137726.jpg&type=ofullfill264_180_gray&expire=2&refresh=true
13,다문화마을특구 상권db,"안산시, 다문화마을특구 상권DB 구축…행안부 공모 선정",https://www.yna.co.kr/view/AKR20220518061300061?input=1195m,https://search.pstatic.net/common/?src=https%3A%2F%2Fimgnews.pstatic.net%2Fimage%2Forigin%2F001%2F2022%2F05%2F18%2F13186219.jpg&type=ff264_180&expire=2&refresh=true
13,다문화마을특구 상권db,안산시 다문화마을특구 상권DB 구축...국비 2억5000만원 투입,http://www.newspim.com/news/view/20220518000095,https://search.pstatic.net/common/?src=https%3A%2F%2Fimgnews.pstatic.net%2Fimage%2Forigin%2F5002%2F2022%2F05%2F18%2F2092650.jpg&type=ff264_180&expire=2&refresh=true
13,다문화마을특구 상권db,"안산시, 다문화마을특구 상권DB 구축해 시민 편의성 향상",http://www.newsfreezone.co.kr/news/articleView.html?idxno=381667,https://search.pstatic.net/common/?src=https%3A%2F%2Fimgnews.pstatic.net%2Fimage%2Forigin%2F5551%2F2022%2F05%2F18%2F176013.jpg&type=ofullfill264_180_gray&expire=2&refresh=true
13,다문화마을특구 상권db,"안산, 다문화마을특구 상권DB 구축 추진",http://www.shinailbo.co.kr/news/articleView.html?idxno=1552974, 
